[
  {
    "type": "turtle_move_internal",
    "message0": "Move %1 %2",
    "args0": [
      {
        "type": "field_dropdown",
        "name": "DIR",
        "options": [
          [
            "forward by",
            "MF"
          ],
          [
            "backward by",
            "MB"
          ]
        ]
      },
      {
        "type": "field_dropdown",
        "name": "VALUE",
        "options": [
          [
            "100",
            "255"
          ],
          [
            "50",
            "100"
          ],
          [
            "25",
            "50"
          ],
          [
            "0",
            "0"
          ]
        ]
      }
    ],
    "previousStatement": null,
    "nextStatement": null,
    "colour": 230,
    "tooltip": "Moves the turtle forward or backward by the specified amount."
  },
  {
    "type": "turtle_turn_internal",
    "message0": "Turn %1 %2",
    "args0": [
      {
        "type": "field_dropdown",
        "name": "DIR",
        "options": [
          [
            "right \u21BB by",
            "TR"
          ],
          [
            "left \u21BA by",
            "TL"
          ]
        ]
      },
      {
        "type": "field_dropdown",
        "name": "VALUE",
        "options": [
          [
            "100",
            "255"
          ],
          [
            "50",
            "100"
          ],
          [
            "25",
            "50"
          ],
          [
            "0",
            "0"
          ]
        ]
      }
    ],
    "previousStatement": null,
    "nextStatement": null,
    "colour": 230,
    "tooltip": "Turns the turtle left or right by the specified number of degrees."
  },
  {
    "type": "turtle_pen",
    "message0": "pen %1",
    "args0": [
      {
        "type": "field_dropdown",
        "name": "PEN",
        "options": [
          [
            "up",
            "penUp"
          ],
          [
            "down",
            "penDown"
          ]
        ]
      }
    ],
    "previousStatement": null,
    "nextStatement": null,
    "colour": 160,
    "tooltip": "Lifts or lowers the pen, to stop or start drawing."
  },
  {
    "type": "turtle_colour_internal",
    "message0": "set colour to %1",
    "args0": [
      {
        "type": "field_colour",
        "name": "COLOUR",
        "colour": "#ff0000"
      }
    ],
    "previousStatement": null,
    "nextStatement": null,
    "colour": 20,
    "tooltip": "Changes the colour of the pen."
  },
  {
    "type": "turtle_visibility",
    "message0": "%1 turtle",
    "args0": [
      {
        "type": "field_dropdown",
        "name": "VISIBILITY",
        "options": [
          ["hide", "hideTurtle"],
          ["show", "showTurtle"]
        ]
      }
    ],
    "previousStatement": null,
    "nextStatement": null,
    "colour": 160,
    "tooltip": "Makes the turtle (circle and arrow) visible or invisible."
  },
  {
    "type": "turtle_print",
    "message0": "print %1",
    "args0": [
      {
        "type": "input_value",
        "name": "TEXT"
      }
    ],
    "previousStatement": null,
    "nextStatement": null,
    "colour": 160,
    "tooltip": "Draws text in the turtle's direction at its location.",
    "helpUrl": "https://en.wikipedia.org/wiki/Printing"
  },
  {
    "type": "turtle_font",
    "message0": "font %1 %2 font size %3 %4 %5",
    "args0": [
      {
        "type": "field_dropdown",
        "name": "FONT",
        "options": [
          ["Arial", "Arial"],
          ["Courier New", "Courier New"],
          ["Georgia", "Georgia"],
          ["Impact", "Impact"],
          ["Times New Roman", "Times New Roman"],
          ["Trebuchet MS", "Trebuchet MS"],
          ["Verdana", "Verdana"]
        ]
      },
      {
        "type": "input_dummy"
      },
      {
        "type": "field_number",
        "name": "FONTSIZE",
        "value": 18,
        "min": 1,
        "max": 1000
      },
      {
        "type": "input_dummy"
      },
      {
        "type": "field_dropdown",
        "name": "FONTSTYLE",
        "options": [
          ["normal", "normal"],
          ["italic", "italic"],
          ["bold", "bold"]
        ]
      }
    ],
    "previousStatement": null,
    "nextStatement": null,
    "colour": 160,
    "tooltip": "",
    "helpUrl": "http://www.example.com/"
  },
  {
    "type": "turtle_repeat_internal",
    "message0": "repeat %1 times %2 %3",
    "args0": [
      {
        "type": "field_dropdown",
        "name": "TIMES",
        "options": [
          [
            "3",
            "3"
          ],
          [
            "4",
            "4"
          ],
          [
            "5",
            "5"
          ],
          [
            "360",
            "360"
          ]
        ]
      },
      {
        "type": "input_dummy"
      },
      {
        "type": "input_statement",
        "name": "DO"
      }
    ],
    "previousStatement": null,
    "nextStatement": null,
    "colour": 120,
    "tooltip": "Do some statements several times."
  },
  {
    "type": "turtle_width",
    "message0": "set width to %1",
    "args0": [
      {
        "type": "input_value",
        "name": "WIDTH"
      }
    ],
    "previousStatement": null,
    "nextStatement": null,
    "colour": 160,
    "tooltip": "",
    "blockFactoryUrl": "https://blockly-demo.appspot.com/static/demos/blockfactory/index.html#wkz8h4"
  },
  {
    "type": "turtle_colour",
    "message0": "set colour to %1",
    "args0": [
      {
        "type": "input_value",
        "name": "COLOUR"
      }
    ],
    "previousStatement": null,
    "nextStatement": null,
    "colour": 20,
    "tooltip": "",
    "blockFactoryUrl": "https://blockly-demo.appspot.com/static/demos/blockfactory/index.html#wkz8h4"
  } ,
  {
    "type": "motor_total",
    "message0": "Move Motor %1",
    "args0": [
      {
        "type": "field_number",
        "name": "motor",
        "value": 0,
        "min": -100,
        "max": 100,
        "precision": 1
      }
    ],
    "inputsInline": true,
    "previousStatement": null,
    "nextStatement": null,
    "colour": 230,
    "tooltip": "",
    "helpUrl": ""
  },
  {
    "type": "motor_m1_m2_value",
    "message0": "Motor M1 %1 Motor M2 %2",
    "args0": [
      {
        "type": "field_number",
        "name": "M1",
        "value": 0,
        "min": -100,
        "max": 100,
        "precision": 1
      },
      {
        "type": "field_number",
        "name": "M2",
        "value": 0,
        "min": -100,
        "max": 100,
        "precision": 1
      }
    ],
    "inputsInline": true,
    "previousStatement": null,
    "nextStatement": null,
    "colour": 230,
    "tooltip": "Value M1: -100 ~ 100, Value M2: -100 ~100",
    "helpUrl": ""
  },
  {
    "type": "servo_180",
    "message0": "Servo  %1 index %2    angle  %3 duration %4",
    "args0": [
      {
        "type": "field_dropdown",
        "name": "servo36_18",
        "options": [
          [
            "180",
            "1"
          ],
          [
            "270",
            "2"
          ]
        ]
      },
      {
        "type": "field_dropdown",
        "name": "index_servo",
        "options": [
          [
            "1",
            "1"
          ],
          [
            "2",
            "2"
          ],
          [
            "3",
            "3"
          ],
          [
            "4",
            "4"
          ],
          [
            "5",
            "5"
          ],
          [
            "6",
            "6"
          ]
        ]
      },
      {
        "type": "field_number",
        "name": "angle",
        "value": 0,
        "min": 0,
        "max": 180,
        "precision": 1
      },
      {
        "type": "field_number",
        "name": "duration",
        "value": 300,
        "min": 0,
        "max": 10000,
        "precision": 10
      }
    ],
    "inputsInline": true,
    "previousStatement": null,
    "nextStatement": null,
    "colour": 230,
    "tooltip": "",
    "helpUrl": ""
  },
  {
    "type": "ultrasonic_port",
    "message0": "Ultrasonic  %1 (cm)",
    "args0": [
      {
        "type": "field_dropdown",
        "name": "Ul_Port",
        "options": [
          [
            "port2",
            "Turtle.ultraSensor('02')"
          ],
          [
            "port3",
            "Turtle.ultraSensor('03')"
          ],
          [
            "port5",
            "Turtle.ultraSensor('05')"
          ],
          [
            "port6",
            "Turtle.ultraSensor('06')"
          ],
          [
            "port7",
            "Turtle.ultraSensor('07')"
          ]
        ]
      }
    ],
    "output": null,
    "colour": 60,
    "tooltip": "",
    "helpUrl": ""
  },
  {
    "type": "compare",
    "message0": "%1 %2 %3",
    "args0": [
      {
        "type": "input_value",
        "name": "number1",
        "align": "CENTRE"
      },
      {
        "type": "field_dropdown",
        "name": "dropdown",
        "options": [
          [
            "<",
            "<"
          ],
          [
            ">",
            ">"
          ],
          [
            ">=",
            ">="
          ],
          [
            "<=",
            "<="
          ],
          [
            "=",
            "=="
          ]
        ]
      },
      {
        "type": "input_value",
        "name": "number2",
        "align": "CENTRE"
      }
    ],
    "inputsInline": true,
    "output": null,
    "colour": 210,
    "tooltip": "",
    "helpUrl": ""
  },
  {
    "type": "wait",
    "message0": "wait %1 ms",
    "args0": [
      {
        "type": "field_number",
        "name": "NAME",
        "value": 0
      }
    ],
    "previousStatement": null,
    "nextStatement": null,
    "colour": 120,
    "tooltip": "",
    "helpUrl": ""
  }  ,
  {
    "type": "servo_tit",
    "message0": "Set servo %1 angle %2",
    "args0": [
      {
        "type": "field_dropdown",
        "name": "servo_port",
        "options": [
          [
            "port2",
            "02"
          ],
          [
            "port3",
            "03"
          ],
          [
            "port5",
            "05"
          ],
          [
            "port6",
            "06"
          ],
          [
            "port7",
            "07"
          ]
        ]
      },
      {
        "type": "field_dropdown",
        "name": "servo_angle",
        "options": [
          [
            "0",
            "0"
          ],
          [
            "45",
            "45"
          ],
          [
            "90",
            "90"
          ],
          [
            "135",
            "135"
          ],
          [
            "180",
            "180"
          ]
        ]
      }
    ],
    "previousStatement": null,
    "nextStatement": null,
    "colour": 230,
    "tooltip": "",
    "helpUrl": ""
  }
,
  {
    "type": "temperature_tit",
    "message0": "Temperature %1°C",
    "args0": [
      {
        "type": "field_dropdown",
        "name": "tem_port",
        "options": [
          [
            "port2",
            "02"
          ],
          [
            "port3",
            "03"
          ],
          [
            "port5",
            "05"
          ],
          [
            "port6",
            "06"
          ],
          [
            "port7",
            "07"
          ]
        ]
      }
    ],
    "output": null,
    "colour": 60,
    "tooltip": "",
    "helpUrl": ""
  },

  {
    "type": "potenl_tit",
    "message0": "Potenl %1",
    "args0": [
      {
        "type": "field_dropdown",
        "name": "potenl_port",
        "options": [
          [
            "port2",
            "02"
          ],
          [
            "port3",
            "03"
          ]
        ]
      }
    ],
    "output": null,
    "colour": 60,
    "tooltip": "",
    "helpUrl": ""
  },

  {
    "type": "light_sensor",
    "message0": "Light sensor %1",
    "args0": [
      {
        "type": "field_dropdown",
        "name": "NAME",
        "options": [
          [
            "light sensor on board",
            "Turtle.lightSensor('ob')"
          ],
          [
            "Port1",
            "Turtle.lightSensor('01')"
          ],
          [
            "Port2",
            "Turtle.lightSensor('02')"
          ]
        ]
      }
    ],
    "output": null,
    "colour": 65,
    "tooltip": "",
    "helpUrl": ""
  },

  {
    "type": "line_follow2",
    "message0": "Line %1 %2 %3",
    "args0": [
      {
        "type": "field_dropdown",
        "name": "line_port",
        "options": [
          [
            "port1",
            "01"
          ],
          [
            "port2",
            "02"
          ],
          [
            "port3",
            "03"
          ],
          [
            "port4",
            "04"
          ],
          [
            "port5",
            "05"
          ],
          [
            "port6",
            "06"
          ]
        ]
      },
      {
        "type": "field_dropdown",
        "name": "side",
        "options": [
          [
            "s1-black",
            "black"
          ],
          [
            "s1-white",
            "white"
          ]
        ]
      },
      {
        "type": "field_dropdown",
        "name": "color",
        "options": [
          [
            "s2-black",
            "black"
          ],
          [
            "s2-white",
            "white"
          ]
        ]
      }
    ],
    "output": null,
    "colour": 65,
    "tooltip": "",
    "helpUrl": ""
  },

  {
    "type": "line_follow",
    "message0": "Line follower %1",
    "args0": [
      {
        "type": "field_dropdown",
        "output": null,
        "name": "line_port",
        "options": [
          [
            "Port1",
            "Turtle.lineFollow1('01')"
          ],
          [
            "Port2",
            "Turtle.lineFollow1('02')"
          ],
          [
            "Port3",
            "Turtle.lineFollow1('03')"
          ],
          [
            "Port4",
            "Turtle.lineFollow1('04')"
          ]
        ]
      }
    ],
    "colour": 65,
    "tooltip": "",
    "output": null,
    "helpUrl": ""
  },
  {
    "type": "avoid_sensor",
    "message0": "Avoid sensor %1",
    "args0": [
      {
        "type": "field_dropdown",
        "name": "avoid_port",
        "options": [
          [
            "port2",
            "Turtle.avoid('02')"
          ],
          [
            "port3",
            "Turtle.avoid('03')"
          ],
          [
            "port5",
            "Turtle.touch('05')"
          ],
          [
            "port6",
            "Turtle.avoid('06')"
          ],
          [
            "port7",
            "Turtle.avoid('07')"
          ]
        ]
      }
    ],
    "output": null,
    "colour": 65,
    "tooltip": "",
    "helpUrl": ""
  },
  {
    "type": "touch_sensor",
    "message0": "Touch sensor %1",
    "args0": [
      {
        "type": "field_dropdown",
        "name": "touch_port",
        "options": [
          [
            "port2",
            "Turtle.touch('02')"
          ],
          [
            "port3",
            "Turtle.touch('03')"
          ],
          [
            "port5",
            "Turtle.touch('05')"
          ],
          [
            "port6",
            "Turtle.touch('06')"
          ],
          [
            "port7",
            "Turtle.touch('07')"
          ]
        ]
      }
    ],
    "output": null,
    "colour": 65,
    "tooltip": "",
    "helpUrl": ""
  },

  {
    "type": "sound_sensor",
    "message0": "sound sensor %1",
    "args0": [
      {
        "type": "field_dropdown",
        "name": "sound_port",

        "options": [
          [
            "Port3",
            "Turtle.sound('03')"
          ],
          [
            "Port4",
            "Turtle.sound('04')"
          ]
        ]
      }
    ],
    "output": null,
    "colour": 65,
    "tooltip": "",
    "helpUrl": ""
  },
  {
    "type": "led",
    "message0": "Set led %1 %2 red %3 green %4 blue %5",
    "args0": [
      {
        "type": "field_dropdown",
        "name": "port",
        "options": [
          [
            "Port1",
            "01"
          ],
          [
            "Port2",
            "02"
          ],
          [
            "Port3",
            "03"
          ],
          [
            "Port4",
            "04"
          ]
        ]
      },
      {
        "type": "field_dropdown",
        "name": "led_num",
        "options": [
          [
            "all",
            "0"
          ],
          [
            "1",
            "01"
          ],
          [
            "2",
            "02"
          ],
          [
            "3",
            "03"
          ],
          [
            "4",
            "04"
          ]
        ]
      },
      {
        "type": "field_dropdown",
        "name": "red",
        "options": [
          [
            "0",
            "0"
          ],
          [
            "100",
            "100"
          ],
          [
            "255",
            "255"
          ]
        ]
      },
      {
        "type": "field_dropdown",
        "name": "green",
        "options": [
          [
            "0",
            "0"
          ],
          [
            "100",
            "100"
          ],
          [
            "255",
            "255"
          ]
        ]
      },
      {
        "type": "field_dropdown",
        "name": "blue",
        "options": [
          [
            "0",
            "0"
          ],
          [
            "100",
            "100"
          ],
          [
            "255",
            "255"
          ]
        ]
      }
    ],
    "previousStatement": null,
    "nextStatement": null,
    "colour": 230,
    "tooltip": "",
    "helpUrl": ""
  },
  {
    "type": "move1",
    "message0": "Move motor1 %1",
    "args0": [
      {
        "type": "field_dropdown",
        "name": "valuemotor1",
        "options": [
          [
            "100",
            "255"
          ],
          [
            "50",
            "100"
          ],
          [
            "25",
            "50"
          ],
          [
            "0",
            "0"
          ],
          [
            "-25",
            "-50"
          ],
          [
            "-50",
            "-100"
          ],
          [
            "-100",
            "-255"
          ]
        ]
      }
    ],
    "previousStatement": null,
    "nextStatement": null,
    "colour": 230,
    "tooltip": "",
    "helpUrl": ""
  },
  {
    "type": "move2",
    "message0": "Move motor2 %1",
    "args0": [
      {
        "type": "field_dropdown",
        "name": "valuemotor2",
        "options": [
          [
            "100",
            "255"
          ],
          [
            "50",
            "100"
          ],
          [
            "25",
            "50"
          ],
          [
            "0",
            "0"
          ],
          [
            "-25",
            "-50"
          ],
          [
            "-50",
            "-100"
          ],
          [
            "-100",
            "-255"
          ]
        ]
      }
    ],
    "previousStatement": null,
    "nextStatement": null,
    "colour": 230,
    "tooltip": "",
    "helpUrl": ""
  }
]
