[
  {
    "type": "controls_if",
    "message0": "%{BKY_CONTROLS_IF_MSG_IF} %1",
    "args0": [
      {
        "type": "input_value",
        "name": "IF0",
        "check": "Boolean"
      }
    ],
    "message1": "%{BKY_CONTROLS_IF_MSG_THEN} %1",
    "args1": [
      {
        "type": "input_statement",
        "name": "DO0"
      }
    ],
    "mutator": "controls_if_mutator",
    "previousStatement": null,
    "nextStatement": null,
    "colour": "%{BKY_LOGIC_HUE}",
    "helpUrl": "%{BKY_CONTROLS_IF_HELPURL}",
    "tooltip": "%{CONTROLS_IF_TOOLTIP_1}"
  },
  {
    "type": "controls_ifelse",
    "message0": "%{BKY_CONTROLS_IF_MSG_IF} %1",
    "args0": [
      {
        "type": "input_value",
        "name": "IF0",
        "check": "Boolean"
      }
    ],
    "message1": "%{BKY_CONTROLS_IF_MSG_THEN} %1",
    "args1": [
      {
        "type": "input_statement",
        "name": "DO0"
      }
    ],
    "message2": "%{BKY_CONTROLS_IF_MSG_ELSE} %1",
    "args2": [
      {
        "type": "input_statement",
        "name": "ELSE"
      }
    ],
    "previousStatement": null,
    "nextStatement": null,
    "colour": "%{BKY_LOGIC_HUE}",
    "tooltip": "%{BKY_CONTROLS_IF_TOOLTIP_2}",
    "helpUrl": "%{BKY_CONTROLS_IF_HELPURL}"
  },
  {
    "type": "logic_compare",
    "message0": "%1 %2 %3",
    "args0": [
      {
        "type": "input_value",
        "name": "A"
      },
      {
        "type": "field_dropdown",
        "name": "OP",
        "options": [
          ["=", "EQ"],
          ["\u2260", "NEQ"]
        ]
      },
      {
        "type": "input_value",
        "name": "B"
      }
    ],
    "inputsInline": true,
    "output": "Boolean",
    "colour": "%{BKY_LOGIC_HUE}",
    "tooltip": "",
    "helpUrl": "%{BKY_LOGIC_COMPARE_HELPURL}"
  },
  {
    "type": "logic_operation",
    "message0": "%1 %2 %3",
    "args0": [
      {
        "type": "input_value",
        "name": "A",
        "check": "Boolean"
      },
      {
        "type": "field_dropdown",
        "name": "OP",
        "options": [
          ["%{BKY_LOGIC_OPERATION_AND}","AND"],
          ["%{BKY_LOGIC_OPERATION_OR}", "OR"]
        ]
      },
      {
        "type": "input_value",
        "name": "B",
        "check": "Boolean"
      }
    ],
    "inputsInline": true,
    "output": "Boolean",
    "colour": "%{BKY_LOGIC_HUE}",
    "tooltip": "",
    "helpUrl": "%{BKY_LOGIC_OPERATION_HELPURL}"
  },
  {
    "type": "logic_negate",
    "message0": "%{BKY_LOGIC_NEGATE_TITLE}",
    "args0": [
      {
        "type": "input_value",
        "name": "BOOL",
        "check": "Boolean"
      }
    ],
    "output": "Boolean",
    "colour": "%{BKY_LOGIC_HUE}",
    "tooltip": "%{BKY_LOGIC_NEGATE_TOOLTIP}",
    "helpUrl": "%{BKY_LOGIC_NEGATE_HELPURL}"
  },
  {
    "type": "logic_boolean",
    "message0": "%1",
    "args0": [
      {
        "type": "field_dropdown",
        "name": "BOOL",
        "options": [
          ["%{BKY_LOGIC_BOOLEAN_TRUE}", "TRUE"],
          ["%{BKY_LOGIC_BOOLEAN_FALSE}", "FALSE"]
        ]
      }
    ],
    "output": "Boolean",
    "colour": "%{BKY_LOGIC_HUE}",
    "tooltip": "%{BKY_LOGIC_BOOLEAN_TOOLTIP}",
    "helpUrl": "%{BKY_LOGIC_BOOLEAN_HELPURL}"
  },
  {
    "type": "logic_null",
    "message0": "%{BKY_LOGIC_NULL}",
    "output": null,
    "colour": "%{BKY_LOGIC_HUE}",
    "tooltip": "%{BKY_LOGIC_NULL_TOOLTIP}",
    "helpUrl": "%{BKY_LOGIC_NULL_HELPURL}"
  },
  {
    "type": "logic_ternary",
    "message0": "%{BKY_LOGIC_TERNARY_CONDITION} %1",
    "args0": [
      {
        "type": "input_value",
        "name": "IF",
        "check": "Boolean"
      }
    ],
    "message1": "%{BKY_LOGIC_TERNARY_IF_TRUE} %1",
    "args1": [
      {
        "type": "input_value",
        "name": "THEN"
      }
    ],
    "message2": "%{BKY_LOGIC_TERNARY_IF_FALSE} %1",
    "args2": [
      {
        "type": "input_value",
        "name": "ELSE"
      }
    ],
    "output": null,
    "colour": "%{BKY_LOGIC_HUE}",
    "tooltip": "%{BKY_LOGIC_TERNARY_TOOLTIP}",
    "helpUrl": "%{BKY_LOGIC_TERNARY_HELPURL}",
    "TODO(#374)": "https://github.com/google/blockly-android/issues/374"
  }
]
