[
  {
    "type": "procedures_defnoreturn",
    "useWebDefinition": true,
    "message0": "%{BKY_PROCEDURES_DEFNORETURN_TITLE} %1 %2",
    "args0": [
      {
        "type": "field_input",
        "name": "NAME",
        "text": ""
      },
      {
        "type": "field_label",
        "name": "PARAMS"
      }
    ],
    "mutator": "procedures_defnoreturn_mutator",
    "colour": "%{BKY_PROCEDURES_HUE}",
    "tooltip": "%{BKY_PROCEDURES_DEFNORETURN_TOOLTIP}",
    "helpUrl": "%{BKY_PROCEDURES_DEFNORETURN_HELPURL}"
  },
  {
    "type": "procedures_defreturn",
    "useWebDefinition": true,
    "message0": "%{BKY_PROCEDURES_DEFRETURN_TITLE} %1 %2",
    "args0": [
      {
        "type": "field_input",
        "name": "NAME",
        "text": ""
      },
      {
        "type": "field_label",
        "name": "PARAMS"
      }
    ],
    "message1": "%{BKY_PROCEDURES_DEFRETURN_RETURN} %1",
    "args1": [
      {
        "type": "input_value",
        "name": "RETURN",
        "align": "RIGHT"
      }
    ],
    "mutator": "procedures_defreturn_mutator",
    "colour": "%{BKY_PROCEDURES_HUE}",
    "tooltip": "%{BKY_PROCEDURES_DEFRETURN_TOOLTIP}",
    "helpUrl": "%{BKY_PROCEDURES_DEFRETURN_HELPURL}"
  },
  {
    "type": "procedures_callnoreturn",
    "useWebDefinition": true,
    "message0": "%1 %2",
    "args0": [
      {
        "type": "field_label",
        "name": "NAME"
      },
      {
        "type": "input_dummy",
        "name": "TOPROW"
      }
    ],
    "mutator": "procedures_callnoreturn_mutator",
    "previousStatement": null,
    "nextStatement": null,
    "colour": "%{BKY_PROCEDURES_HUE}",
    "helpUrl": "%{BKY_PROCEDURES_CALLNORETURN_HELPURL}"
  },
  {
    "type": "procedures_callreturn",
    "useWebDefinition": true,
    "message0": "%1 %2",
    "args0": [
      {
        "type": "field_label",
        "name": "NAME"
      },
      {
        "type": "input_dummy",
        "name": "TOPROW"
      }
    ],
    "mutator": "procedures_callreturn_mutator",
    "output": null,
    "colour": "%{BKY_PROCEDURES_HUE}",
    "helpUrl": "%{BKY_PROCEDURES_CALLRETURN_HELPURL}"
  },
  {
    "type": "procedures_ifreturn",
    "useWebDefinition": true,
    "message0": "%{BKY_CONTROLS_IF_MSG_IF} %1 %{BKY_PROCEDURES_DEFRETURN_RETURN} %2",
    "args0": [
      {
        "type": "input_value",
        "name": "CONDITION",
        "check": "Boolean"
      },
      {
        "type": "input_value",
        "name": "VALUE"
      }
    ],
    "mutator": "procedures_ifreturn_mutator",
    "inputsInline": true,
    "previousStatement": null,
    "nextStatement": null,
    "colour": "%{BKY_PROCEDURES_HUE}",
    "tooltip": "%{BKY_PROCEDURES_IFRETURN_TOOLTIP}",
    "helpUrl": "%{BKY_PROCEDURES_IFRETURN_HELPURL}"
  }
]
