[
  {
    "type": "variables_get",
    "message0": "%1",
    "args0": [
      {
        "type": "field_variable",
        "name": "VAR",
        "variable": "%{BKY_VARIABLES_DEFAULT_NAME}"
      }
    ],
    "output": null,
    "colour": "%{BKY_VARIABLES_HUE}",
    "tooltip": "%{BKY_VARIABLES_GET_TOOLTIP}",
    "helpUrl": "%{BKY_VARIABLES_GET_HELPURL}"
  },
  {
    "type": "variables_set",
    "message0": "%{BKY_VARIABLES_SET}",
    "args0": [
      {
        "type": "field_variable",
        "name": "VAR",
        "variable": "%{BKY_VARIABLES_DEFAULT_NAME}"
      },
      {
        "type": "input_value",
        "name": "VALUE"
      }
    ],
    "previousStatement": null,
    "nextStatement": null,
    "colour": "%{BKY_VARIABLES_HUE}",
    "tooltip": "%{BKY_VARIABLES_SET_TOOLTIP}",
    "helpUrl": "%{BKY_VARIABLES_SET_HELPURL}"
  }
]
